,from_roi,to_roi,count,weight
25,AB(R),AB(R),112,10.591787555005196
26,AB(R),AL(R),1,0.05970624612426764
27,AB(R),AME(R),1,-4.564784618783526
28,AB(R),AOTU(R),1,-5.142957953842043
30,AB(R),ATL(R),1,-10.221587121264806
32,AB(R),BU(R),3,-7.22655349651901
33,AB(R),CA(R),1,-2.5647846187835257
35,AB(R),CRE(R),11,-0.014807143719029301
36,AB(R),EB,18,1.8074045004352794
37,AB(R),EPA(R),1,-11.647908074281807
38,AB(R),FB,154,10.121591395117447
39,AB(R),GNG,2,-4.018980130841256
41,AB(R),GOR(R),1,-10.647908074281807
42,AB(R),IB,1,-6.149747119504682
44,AB(R),ICL(R),8,2.632932870357907
45,AB(R),IPS(R),2,-1.8475772303861964
47,AB(R),LAL(R),18,1.1862631532915495
48,AB(R),LH(R),1,-1.3084448655237404
49,AB(R),ME(R),1,-6.149747119504682
50,AB(R),NO,12,4.557479718664999
51,AB(R),PB,4,-2.7186738389082845
52,AB(R),PED(R),1,-11.647908074281807
53,AB(R),SAD,1,-7.940708879270141
54,AB(R),SCL(R),2,-6.530712443717716
56,AB(R),SIP(R),25,3.2496186341861777
57,AB(R),SLP(R),25,5.5098174802195725
59,AB(R),SMP(R),39,5.4117139933832785
61,AB(R),SPS(R),3,-4.842399276109666
63,AB(R),VES(R),4,-0.8809148974696429
64,AB(R),WED(R),3,-2.313337895373146
65,AB(R),a'L(R),1,-7.734709620225838
66,AB(R),aL(R),1,-3.0908534304511135
67,AB(R),gL(R),2,-9.546877558566983
118,AL(R),AB(R),1,-0.10535300014622866
120,AL(R),AL(R),7700,18.718664022509362
121,AL(R),AME(R),2,1.8280218939121056
122,AL(R),AOTU(R),8,-0.017748484531294184
124,AL(R),ATL(R),30,6.6539769926763235
125,AL(R),AVLP(R),147,10.227529945238292
127,AL(R),BU(R),5,0.9368354581078854
128,AL(R),CA(R),144,14.519747003976667
129,AL(R),CAN(R),4,3.661054300757593
131,AL(R),CRE(R),54,8.925357570593878
132,AL(R),EB,3,3.09566867644478
134,AL(R),EPA(R),31,0.9156201555666396
135,AL(R),FB,5,4.618849327119441
136,AL(R),FLA(R),28,5.210450134850746
137,AL(R),GNG,144,7.22452557388554
139,AL(R),GOR(R),18,2.169802343169461
140,AL(R),IB,64,6.32976411238569
142,AL(R),ICL(R),100,7.558816163680347
143,AL(R),IPS(R),30,3.8773287076509675
145,AL(R),LAL(R),191,8.834234183786728
146,AL(R),LH(R),344,16.076569986062072
147,AL(R),LO(R),9,2.934798290789947
148,AL(R),ME(R),4,1.377395540768345
149,AL(R),NO,4,-0.39795975456678695
150,AL(R),PB,5,2.5590197362970435
151,AL(R),PED(R),12,3.134866555315367
152,AL(R),PLP(R),219,12.966831062200553
153,AL(R),PRW,4,4.616381074840428
154,AL(R),PVLP(R),76,7.090713184829868
155,AL(R),SAD,266,9.662629993246844
157,AL(R),SCL(R),223,12.513583785309024
159,AL(R),SIP(R),88,11.711129943352008
160,AL(R),SLP(R),245,13.04937357993478
162,AL(R),SMP(R),109,11.005397188117573
164,AL(R),SPS(R),97,7.5036586562968814
166,AL(R),VES(R),308,10.508727183398204
167,AL(R),WED(R),133,11.5175981108875
168,AL(R),a'L(R),6,1.6079158046032658
169,AL(R),aL(R),5,3.6159160684484175
171,AL(R),b'L(R),10,3.325210482290986
173,AL(R),bL(R),5,4.585931984050068
175,AL(R),gL(R),17,3.243693019139958
176,AME(R),AB(R),1,-8.149747119504681
177,AME(R),AL(R),2,-1.0085374967613745
178,AME(R),AME(R),229,11.614348127262081
179,AME(R),AOTU(R),5,1.5550630097794902
181,AME(R),ATL(R),4,-0.9540395765460958
182,AME(R),AVLP(R),30,5.979787085002129
183,AME(R),BU(R),1,-2.726214718318135
184,AME(R),CA(R),5,1.5760019214928072
185,AME(R),CAN(R),2,-3.3340533345745054
187,AME(R),CRE(R),1,-3.4770836369993345
188,AME(R),EB,1,-7.412781525338476
190,AME(R),EPA(R),3,-1.2161005621245107
191,AME(R),FB,2,-4.435820516116864
192,AME(R),FLA(R),1,-3.3302422486700634
193,AME(R),GNG,13,4.425837035291467
195,AME(R),GOR(R),26,6.5432687412095385
196,AME(R),IB,41,5.758489909806477
198,AME(R),ICL(R),71,7.095511934172638
199,AME(R),IPS(R),31,6.809707794551273
200,AME(R),LAL(R),5,-0.44549259122659934
201,AME(R),LH(R),13,1.443130329995446
202,AME(R),LO(R),63,7.229759886554744
203,AME(R),ME(R),111,7.734202251775958
204,AME(R),PB,1,-5.564784618783526
205,AME(R),PED(R),1,-9.428825408129441
206,AME(R),PLP(R),150,11.238449935167553
207,AME(R),PVLP(R),53,6.746618766891362
208,AME(R),SAD,5,1.2793314577541997
210,AME(R),SCL(R),67,7.7820689318393255
212,AME(R),SIP(R),4,-0.6113853516471575
213,AME(R),SLP(R),56,8.981281438078401
215,AME(R),SMP(R),46,8.020329322492525
217,AME(R),SPS(R),72,7.860678785318849
219,AME(R),VES(R),6,1.8307578879488609
220,AME(R),WED(R),17,4.409506988846382
221,AME(R),a'L(R),1,-9.734709620225837
222,AME(R),aL(R),1,-5.090853430451114
223,AME(R),gL(R),1,-4.600683836234276
225,AOTU(R),AB(R),3,-1.7933937693304038
227,AOTU(R),AL(R),4,0.3732179278818553
228,AOTU(R),AME(R),5,-2.4807572328859067
229,AOTU(R),AOTU(R),1889,15.834902676051522
231,AOTU(R),ATL(R),124,8.03000255643042
232,AOTU(R),AVLP(R),190,6.479369856542893
234,AOTU(R),BU(R),92,12.350918817339904
235,AOTU(R),CA(R),4,-0.20521386409260708
236,AOTU(R),CAN(R),20,0.8902576861771433
238,AOTU(R),CRE(R),138,9.071336677826732
239,AOTU(R),EB,5,-0.01944362099291436
241,AOTU(R),EPA(R),138,9.39238793573596
242,AOTU(R),FB,15,6.683919769168427
243,AOTU(R),GNG,27,4.982216527377576
245,AOTU(R),GOR(R),72,4.166981713460386
246,AOTU(R),IB,210,11.189504120234835
248,AOTU(R),ICL(R),301,7.882941190355033
249,AOTU(R),IPS(R),53,8.843027300118981
251,AOTU(R),LAL(R),185,11.637976036001723
252,AOTU(R),LH(R),43,6.460729857934662
253,AOTU(R),LO(R),694,12.767533107191761
254,AOTU(R),LOP(R),1,-0.40479121180326844
255,AOTU(R),ME(R),2,-6.349572424472996
256,AOTU(R),NO,2,1.3306714173185463
257,AOTU(R),PED(R),8,2.1307378083560096
258,AOTU(R),PLP(R),282,9.72114120996399
259,AOTU(R),PVLP(R),150,7.103482011275753
260,AOTU(R),SAD,14,0.740950193408768
262,AOTU(R),SCL(R),423,8.55106246081158
264,AOTU(R),SIP(R),459,11.217089776904901
265,AOTU(R),SLP(R),269,8.004151073376779
267,AOTU(R),SMP(R),393,10.71553579579092
269,AOTU(R),SPS(R),229,11.213042847974629
271,AOTU(R),VES(R),147,10.365712893125933
272,AOTU(R),WED(R),63,7.301675239716897
274,AOTU(R),a'L(R),11,0.07963565419599838
275,AOTU(R),aL(R),6,1.2637947517657613
277,AOTU(R),b'L(R),2,-5.2545912437245965
279,AOTU(R),bL(R),2,-0.43761246650620794
281,AOTU(R),gL(R),21,2.5536176592291566
343,ATL(R),AB(R),3,0.10771002347328235
345,ATL(R),AL(R),21,4.0944215305725775
346,ATL(R),AME(R),10,1.4576856824398856
347,ATL(R),AOTU(R),115,7.284560542122985
349,ATL(R),ATL(R),987,11.729743734640632
350,ATL(R),AVLP(R),70,4.757893561225281
352,ATL(R),BU(R),15,3.6893213865113346
353,ATL(R),CA(R),26,4.9654888123872505
354,ATL(R),CAN(R),52,3.531762079280594
356,ATL(R),CRE(R),201,9.464954273446173
357,ATL(R),EB,12,4.7701095090931815
359,ATL(R),EPA(R),68,3.832251939480239
360,ATL(R),FB,35,8.195285009221397
361,ATL(R),FLA(R),8,-0.8858163779440267
362,ATL(R),GNG,48,4.572882565926065
364,ATL(R),GOR(R),109,3.6716227122293668
365,ATL(R),IB,837,12.206849235663187
367,ATL(R),ICL(R),461,8.205127880749545
368,ATL(R),IPS(R),92,5.864271052206607
370,ATL(R),LAL(R),182,9.76138239176022
371,ATL(R),LH(R),81,5.714624375199458
372,ATL(R),LO(R),69,8.363370404629881
373,ATL(R),LOP(R),2,-0.182921533918424
374,ATL(R),ME(R),5,-2.0059825685140225
375,ATL(R),NO,13,2.384292088361449
376,ATL(R),PB,31,3.308713068792
377,ATL(R),PED(R),6,-0.7524268679401653
378,ATL(R),PLP(R),489,9.761406807421581
379,ATL(R),PVLP(R),79,3.025104551433275
380,ATL(R),SAD,34,2.405468724288797
382,ATL(R),SCL(R),578,9.278959437375077
384,ATL(R),SIP(R),419,10.116371209624878
385,ATL(R),SLP(R),308,8.922710221554867
387,ATL(R),SMP(R),899,11.41705248301717
389,ATL(R),SPS(R),514,9.88870963531755
391,ATL(R),VES(R),144,7.850305178404941
392,ATL(R),WED(R),151,8.14384918147615
393,ATL(R),a'L(R),12,-1.4361446555787245
394,ATL(R),aL(R),5,-1.7017074231077767
396,ATL(R),b'L(R),9,-0.6210371674177786
398,ATL(R),bL(R),4,-2.4762772330137017
400,ATL(R),gL(R),20,2.5249286473243866
401,AVLP(R),AB(R),1,-7.149747119504682
403,AVLP(R),AL(R),127,7.66111591870977
404,AVLP(R),AME(R),26,2.4743541071262585
405,AVLP(R),AOTU(R),159,7.999409085348023
407,AVLP(R),ATL(R),60,5.280391882536716
408,AVLP(R),AVLP(R),8554,18.466458597790094
410,AVLP(R),BU(R),10,-0.8599649875220015
412,AVLP(R),CA(R),78,5.753206657613549
413,AVLP(R),CAN(R),42,4.3871483657072945
415,AVLP(R),CRE(R),261,10.610208792483
416,AVLP(R),EB,6,0.6527171045331196
418,AVLP(R),EPA(R),599,11.236976116625538
419,AVLP(R),FB,34,3.938097294476919
420,AVLP(R),FLA(R),11,2.910008747728461
421,AVLP(R),GNG,156,7.963879207548974
423,AVLP(R),GOR(R),542,11.694760772756016
424,AVLP(R),IB,452,10.900048364916993
426,AVLP(R),ICL(R),1835,14.85692905965665
427,AVLP(R),IPS(R),89,7.463374815113038
429,AVLP(R),LAL(R),414,9.951544725655173
430,AVLP(R),LH(R),984,11.56093466136905
431,AVLP(R),LO(R),369,10.476233089654373
432,AVLP(R),LOP(R),4,2.474669840364516
433,AVLP(R),ME(R),12,4.458430083248326
434,AVLP(R),NO,4,1.0051605872237073
435,AVLP(R),PB,5,2.435662630166224
436,AVLP(R),PED(R),55,2.847164925422988
437,AVLP(R),PLP(R),2222,13.444604685889201
438,AVLP(R),PRW,1,-6.261265312980738
439,AVLP(R),PVLP(R),3076,15.850051899082013
440,AVLP(R),SAD,563,11.82345478543743
442,AVLP(R),SCL(R),2386,14.162446125503843
444,AVLP(R),SIP(R),851,11.750876192233175
445,AVLP(R),SLP(R),2199,14.888022169494638
447,AVLP(R),SMP(R),703,12.526780337964754
449,AVLP(R),SPS(R),648,10.951462165521255
451,AVLP(R),VES(R),476,11.191341849902326
452,AVLP(R),WED(R),1304,13.88204382049296
453,AVLP(R),a'L(R),27,1.2371720116128528
454,AVLP(R),aL(R),11,0.905912706328323
456,AVLP(R),b'L(R),19,0.34344337120528173
458,AVLP(R),bL(R),6,-0.5609932721449362
460,AVLP(R),gL(R),75,6.556897940608583
513,BU(R),AB(R),3,-4.855713403932138
514,BU(R),AL(R),3,-0.7829907364657865
515,BU(R),AME(R),1,-6.846535103536895
516,BU(R),AOTU(R),76,6.8775895905238675
518,BU(R),ATL(R),16,-0.5498144874530286
519,BU(R),AVLP(R),10,-0.9463723230486657
521,BU(R),BU(R),229,9.872021913427144
522,BU(R),CA(R),3,-5.088593607644543
523,BU(R),CAN(R),2,-7.10634923950524
525,BU(R),CRE(R),95,3.320445449188916
526,BU(R),EB,141,12.10693223236474
528,BU(R),EPA(R),17,-1.6640460316720684
529,BU(R),FB,43,7.170122799383832
530,BU(R),FLA(R),1,-7.261572602815739
531,BU(R),GNG,6,-1.982638294658365
533,BU(R),GOR(R),4,-5.216112649167514
534,BU(R),IB,24,1.6817419743451982
536,BU(R),ICL(R),27,0.7899664822327309
537,BU(R),IPS(R),9,-0.4886372036101774
539,BU(R),LAL(R),126,6.382388686369504
540,BU(R),LH(R),6,-1.6965129961297132
541,BU(R),LO(R),4,1.7250114575937876
542,BU(R),LOP(R),1,-6.166342444247748
543,BU(R),ME(R),1,-6.524607008649532
544,BU(R),NO,7,1.1806485010404406
545,BU(R),PB,6,-3.7203721779282404
546,BU(R),PED(R),15,0.520454491708151
547,BU(R),PLP(R),20,-0.29620926246154455
548,BU(R),PVLP(R),7,-1.1571477650576667
549,BU(R),SAD,3,-2.447856492231416
551,BU(R),SCL(R),28,0.7510876629567125
553,BU(R),SIP(R),92,3.8994081761785564
554,BU(R),SLP(R),17,0.4765696742658022
556,BU(R),SMP(R),71,4.080890492245961
558,BU(R),SPS(R),26,1.312145044517212
560,BU(R),VES(R),24,0.15860507732343476
561,BU(R),WED(R),18,0.4317878232649549
562,BU(R),a'L(R),6,-3.4366529970224904
563,BU(R),aL(R),8,0.228918960702063
565,BU(R),b'L(R),9,-3.3781406180832483
567,BU(R),bL(R),3,-3.1898764854202817
569,BU(R),gL(R),20,1.2994344998517933
588,CA(R),AB(R),1,-5.149747119504682
590,CA(R),AL(R),146,10.782669550476966
591,CA(R),AME(R),6,1.7343164031420093
592,CA(R),AOTU(R),6,-1.3045282035204508
594,CA(R),ATL(R),38,3.2716772666513227
595,CA(R),AVLP(R),83,5.721737513802478
597,CA(R),BU(R),3,-4.052393491037973
598,CA(R),CA(R),2266,13.566900962645633
599,CA(R),CAN(R),3,-1.0876840592799106
601,CA(R),CRE(R),417,9.08665733336469
602,CA(R),EB,3,-0.5503719893415622
603,CA(R),EPA(R),1,-7.082149041353872
604,CA(R),FB,5,2.8699600342600755
605,CA(R),FLA(R),6,0.2256927193282212
606,CA(R),GNG,10,-0.008846570015939066
608,CA(R),GOR(R),12,1.1755110133409454
609,CA(R),IB,35,4.163049895471961
611,CA(R),ICL(R),94,5.818711090789173
612,CA(R),IPS(R),7,1.2796947439715398
614,CA(R),LAL(R),46,4.055869992574534
615,CA(R),LH(R),266,12.067536452833792
616,CA(R),LO(R),6,3.4563920796574648
617,CA(R),ME(R),3,-1.6942956404894212
618,CA(R),NO,1,-1.0098755431696675
619,CA(R),PB,5,-2.2918746415150784
620,CA(R),PED(R),1932,13.430054221311961
621,CA(R),PLP(R),299,8.772931973966095
622,CA(R),PRW,1,-8.763765653509921
623,CA(R),PVLP(R),24,2.203206808695087
624,CA(R),SAD,10,0.3004775408267087
626,CA(R),SCL(R),395,8.75974513632816
628,CA(R),SIP(R),311,9.0388852472502
629,CA(R),SLP(R),349,9.825886926443506
631,CA(R),SMP(R),152,8.551570364444975
633,CA(R),SPS(R),26,3.889540160698908
635,CA(R),VES(R),16,2.262116487193787
636,CA(R),WED(R),16,2.281377538461885
638,CA(R),a'L(R),513,12.334875704564853
639,CA(R),aL(R),1122,14.063451610256806
641,CA(R),b'L(R),491,12.893285758977719
643,CA(R),bL(R),964,13.54013628203516
645,CA(R),gL(R),946,15.189766019314177
647,CAN(R),AL(R),5,5.211000963644219
648,CAN(R),AME(R),7,0.34275500604207787
649,CAN(R),AOTU(R),16,1.089153535007071
651,CAN(R),ATL(R),48,2.5905573598938303
652,CAN(R),AVLP(R),54,5.976767020521702
654,CAN(R),BU(R),2,-4.197833928217991
655,CAN(R),CA(R),6,2.880279948075741
656,CAN(R),CAN(R),535,10.480794706507709
658,CAN(R),CRE(R),36,3.1560696745116616
659,CAN(R),EB,1,-3.1480645125989497
661,CAN(R),EPA(R),101,5.370867208306328
662,CAN(R),FB,1,-2.5789422205736803
663,CAN(R),FLA(R),3,-0.8764421224638529
664,CAN(R),GNG,156,6.554573744785399
666,CAN(R),GOR(R),110,5.246119299249279
667,CAN(R),IB,236,7.413654473368079
669,CAN(R),ICL(R),185,7.193109942129298
670,CAN(R),IPS(R),238,7.48362373961887
672,CAN(R),LAL(R),68,5.108772635538412
673,CAN(R),LH(R),15,4.401084661550664
674,CAN(R),LO(R),11,5.5394260596655736
675,CAN(R),LOP(R),2,-4.692909290286126
676,CAN(R),ME(R),6,1.7501581300014617
677,CAN(R),PB,1,1.3923174227787602
678,CAN(R),PED(R),2,-7.4134385233204085
679,CAN(R),PLP(R),179,7.395244663745599
680,CAN(R),PVLP(R),68,6.131825649381307
681,CAN(R),SAD,55,4.457021671241721
683,CAN(R),SCL(R),102,6.38571249498695
685,CAN(R),SIP(R),48,4.22814248843781
686,CAN(R),SLP(R),35,5.20075310954105
688,CAN(R),SMP(R),98,6.398519983240459
690,CAN(R),SPS(R),538,10.710001985315547
692,CAN(R),VES(R),305,9.14531427927943
693,CAN(R),WED(R),133,7.161600594123046
694,CAN(R),a'L(R),1,-8.077409176586416
695,CAN(R),aL(R),2,-5.302024439809662
697,CAN(R),gL(R),7,-2.3136803672875503
759,CRE(R),AB(R),8,2.3193969968622903
761,CRE(R),AL(R),41,7.201106223539809
762,CRE(R),AME(R),3,-3.2868901114989155
763,CRE(R),AOTU(R),114,7.811607450297681
765,CRE(R),ATL(R),175,10.224981417636645
766,CRE(R),AVLP(R),197,9.354662247947838
768,CRE(R),BU(R),58,4.556318799638297
769,CRE(R),CA(R),497,8.019945564106866
770,CRE(R),CAN(R),29,5.710470496565754
772,CRE(R),CRE(R),2747,14.81432972433934
773,CRE(R),EB,83,9.244353681704276
775,CRE(R),EPA(R),189,7.752688495950202
776,CRE(R),FB,395,13.635990744156379
777,CRE(R),FLA(R),17,3.5100370577069446
778,CRE(R),GNG,53,5.7224561943229775
780,CRE(R),GOR(R),99,6.81390186799421
781,CRE(R),IB,247,11.186607389678185
783,CRE(R),ICL(R),275,9.482956712519787
784,CRE(R),IPS(R),84,7.057969310702575
786,CRE(R),LAL(R),1152,13.43973878270928
787,CRE(R),LH(R),160,9.769214909944989
788,CRE(R),LO(R),24,7.020270453570369
789,CRE(R),ME(R),3,-3.5649514274218768
790,CRE(R),NO,27,8.579382668973338
791,CRE(R),PB,50,4.812327467905003
792,CRE(R),PED(R),526,7.239919661310445
793,CRE(R),PLP(R),390,10.208564427575114
794,CRE(R),PVLP(R),150,7.461538993009053
795,CRE(R),SAD,28,5.985216437563355
797,CRE(R),SCL(R),583,10.756912272036354
799,CRE(R),SIP(R),1268,13.377341052878146
800,CRE(R),SLP(R),523,11.217845889949379
802,CRE(R),SMP(R),1774,14.356306314189784
804,CRE(R),SPS(R),283,9.619425973965695
806,CRE(R),VES(R),355,10.79160195258402
807,CRE(R),WED(R),219,8.64976524916904
809,CRE(R),a'L(R),263,8.115318903335908
811,CRE(R),aL(R),233,6.196414694268363
813,CRE(R),b'L(R),429,10.250023568588478
815,CRE(R),bL(R),177,6.099983992571608
817,CRE(R),gL(R),725,11.084753116177328
819,EB,AB(R),14,3.3674177120657034
821,EB,AL(R),2,3.9748351420056776
822,EB,AME(R),2,-1.4508652084370117
823,EB,AOTU(R),3,-2.7422280167801993
825,EB,ATL(R),6,2.693332134174705
826,EB,AVLP(R),2,0.2394993398920326
828,EB,BU(R),130,10.403656410347407
829,EB,CA(R),8,0.9946956952572624
831,EB,CRE(R),74,9.286770220762921
832,EB,EB,591,17.01941994435856
834,EB,EPA(R),2,-3.473484935044919
835,EB,FB,204,11.985504890715195
836,EB,FLA(R),1,-3.013645089372153
837,EB,GNG,3,5.1031259566580465
839,EB,GOR(R),4,-2.1749606352632505
840,EB,IB,10,3.829862188670916
842,EB,ICL(R),11,2.4648457899415646
843,EB,IPS(R),4,7.6354267229446275
845,EB,LAL(R),128,11.89908659884344
846,EB,LH(R),3,1.2639225093345243
847,EB,ME(R),2,-1.8715819887142844
848,EB,NO,53,10.905761835058081
849,EB,PB,106,13.074175583779112
850,EB,PED(R),8,-1.0427137886804718
851,EB,PLP(R),3,-1.4409613189309392
852,EB,PVLP(R),5,1.2140898995584084
853,EB,SAD,1,-8.33427328530719
855,EB,SCL(R),6,1.4284296824228684
857,EB,SIP(R),37,7.095341121780924
858,EB,SLP(R),7,1.5700281210663911
860,EB,SMP(R),40,5.897466058669995
862,EB,SPS(R),10,5.2301586705599465
864,EB,VES(R),7,-0.027366145957213314
865,EB,WED(R),11,7.78960256338702
866,EB,a'L(R),3,-3.9466386038792267
867,EB,aL(R),9,1.4261935105467671
869,EB,b'L(R),13,0.4438248079866233
871,EB,bL(R),15,2.3281704057475863
873,EB,gL(R),6,1.8909851029386509
926,EPA(R),AB(R),1,-7.929751553417331
928,EPA(R),AL(R),20,0.5421389520440063
929,EPA(R),AME(R),5,1.5927153739921904
930,EPA(R),AOTU(R),119,7.585942031835686
932,EPA(R),ATL(R),51,2.4903352178342066
933,EPA(R),AVLP(R),624,10.41946339824652
935,EPA(R),BU(R),14,-0.6382968996233656
936,EPA(R),CA(R),2,-7.149168254134634
937,EPA(R),CAN(R),80,4.593533854447572
939,EPA(R),CRE(R),208,7.343797028736273
940,EPA(R),EB,4,-0.06313898520630438
942,EPA(R),EPA(R),1461,11.249400795670716
943,EPA(R),FB,26,5.355996760549475
944,EPA(R),FLA(R),5,-2.079038251226951
945,EPA(R),GNG,293,8.471125678373483
947,EPA(R),GOR(R),548,9.039919548969166
948,EPA(R),IB,358,8.104675463951367
950,EPA(R),ICL(R),855,10.428832724997578
951,EPA(R),IPS(R),418,9.456092201437624
953,EPA(R),LAL(R),820,11.290284758707395
954,EPA(R),LH(R),24,2.5036446343534617
955,EPA(R),LO(R),55,8.339177390145087
956,EPA(R),LOP(R),7,-1.6581916679353013
957,EPA(R),ME(R),5,0.7996104782522607
958,EPA(R),NO,10,5.506801984313608
959,EPA(R),PB,3,-1.6229071361252048
960,EPA(R),PED(R),12,-1.9277078950445037
961,EPA(R),PLP(R),863,10.447038245950056
962,EPA(R),PVLP(R),839,11.274644031106217
963,EPA(R),SAD,179,6.929673753532533
965,EPA(R),SCL(R),453,8.458281079603859
967,EPA(R),SIP(R),254,8.602968756335589
968,EPA(R),SLP(R),175,5.644511239893202
970,EPA(R),SMP(R),253,8.36776478884968
972,EPA(R),SPS(R),925,11.35286061075517
974,EPA(R),VES(R),834,10.806341105787853
975,EPA(R),WED(R),689,10.093584192842863
976,EPA(R),a'L(R),4,-5.230782338393462
977,EPA(R),aL(R),1,-4.907935648201038
979,EPA(R),b'L(R),3,-4.859789642271025
981,EPA(R),bL(R),1,-4.624142682200447
983,EPA(R),gL(R),31,1.080387437413352
985,FB,AB(R),110,8.940698006434669
987,FB,AL(R),9,5.254616359439215
988,FB,AME(R),2,-0.3375082271718872
989,FB,AOTU(R),16,5.465489601450886
991,FB,ATL(R),13,5.922168635435329
992,FB,AVLP(R),59,5.781441904364779
994,FB,BU(R),47,8.823432085829841
995,FB,CA(R),6,4.013633331779476
997,FB,CRE(R),352,12.93947790418597
998,FB,EB,193,11.504430086341808
1000,FB,EPA(R),25,1.3902309178215482
1001,FB,FB,3324,18.240642667036095
1002,FB,FLA(R),7,-1.3362298739196181
1003,FB,GNG,6,-0.6315302227566623
1005,FB,GOR(R),29,2.657805436553736
1006,FB,IB,26,5.474969965251305
1008,FB,ICL(R),113,6.299486190093913
1009,FB,IPS(R),5,1.6415163030198876
1011,FB,LAL(R),246,12.820599042277049
1012,FB,LH(R),13,6.519750790113665
1013,FB,ME(R),2,-0.7092973856585779
1014,FB,NO,485,11.96644261982586
1015,FB,PB,315,9.491010416022037
1016,FB,PED(R),8,3.00651575269623
1017,FB,PLP(R),31,3.72527263056278
1018,FB,PVLP(R),31,2.082242539379651
1019,FB,SAD,8,0.5331251841455181
1021,FB,SCL(R),83,6.841609705064338
1023,FB,SIP(R),276,11.32209230729604
1024,FB,SLP(R),161,10.9577633343281
1026,FB,SMP(R),554,13.195520186847252
1028,FB,SPS(R),23,4.44254019878819
1030,FB,VES(R),42,4.428762885763777
1031,FB,WED(R),23,6.202508946456619
1032,FB,a'L(R),6,3.4603207003814265
1034,FB,aL(R),7,3.328317350520452
1036,FB,b'L(R),11,4.570626947360318
1038,FB,bL(R),4,2.621930933872367
1040,FB,gL(R),14,7.296273496495042
1042,FLA(R),AL(R),45,5.51532556028157
1043,FLA(R),AME(R),2,-4.265608221059801
1044,FLA(R),AOTU(R),4,-3.6427339597823973
1046,FLA(R),ATL(R),9,-1.2442017930680105
1047,FLA(R),AVLP(R),15,4.3207810892402945
1048,FLA(R),BU(R),1,-4.524607008649532
1049,FLA(R),CA(R),7,-0.24613155082707217
1050,FLA(R),CAN(R),7,-2.1669645267508
1052,FLA(R),CRE(R),26,3.7278626875370797
1053,FLA(R),EB,1,-2.7590722622865553
1055,FLA(R),EPA(R),10,-1.3872675849912528
1056,FLA(R),FB,5,-1.5030174475879143
1057,FLA(R),FLA(R),544,11.965434206299149
1058,FLA(R),GNG,8,-1.7238695802394393
1060,FLA(R),GOR(R),14,-0.0939756091873667
1061,FLA(R),IB,21,0.8349974267075111
1063,FLA(R),ICL(R),26,4.760205254399327
1064,FLA(R),IPS(R),4,-5.01956317688016
1066,FLA(R),LAL(R),21,2.44974653479017
1067,FLA(R),LH(R),12,1.352569999714682
1068,FLA(R),LO(R),1,-5.740118042833128
1069,FLA(R),ME(R),1,-5.524607008649532
1070,FLA(R),PB,3,-0.36358247784191045
1071,FLA(R),PED(R),1,-7.846535103536895
1072,FLA(R),PLP(R),23,3.9863456818149072
1073,FLA(R),PVLP(R),7,1.3771953043538625
1074,FLA(R),SAD,12,-1.665293491281805
1076,FLA(R),SCL(R),42,5.522952279693633
1078,FLA(R),SIP(R),69,4.499775807372372
1079,FLA(R),SLP(R),64,6.004537056261506
1081,FLA(R),SMP(R),136,9.048860827438014
1083,FLA(R),SPS(R),18,1.2029781617119424
1085,FLA(R),VES(R),117,8.181638974764446
1086,FLA(R),WED(R),8,0.32706368834881455
1087,FLA(R),a'L(R),2,-5.917914424633089
1088,FLA(R),aL(R),1,-3.322973147479882
1090,FLA(R),b'L(R),3,-4.917422437105007
1092,FLA(R),bL(R),1,-3.0391801814792907
1094,FLA(R),gL(R),8,-2.0502113401775013
1095,GNG,AB(R),1,-7.149747119504682
1097,GNG,AL(R),133,7.4931033270816405
1098,GNG,AME(R),11,4.741634226032622
1099,GNG,AOTU(R),29,6.122023685261438
1101,GNG,ATL(R),51,3.8127313859859524
1102,GNG,AVLP(R),177,9.052232456069548
1104,GNG,BU(R),6,-1.4381084330006682
1105,GNG,CA(R),14,1.1861338160258443
1106,GNG,CAN(R),108,6.9927873537330605
1108,GNG,CRE(R),75,4.7754845384682305
1109,GNG,EB,3,-4.421122192506436
1111,GNG,EPA(R),273,8.568499313268697
1112,GNG,FB,5,2.0112840159804963
1113,GNG,FLA(R),2,0.1629967798136038
1114,GNG,GNG,5026,16.079787112160286
1116,GNG,GOR(R),75,4.2008999927099575
1117,GNG,IB,293,8.939416377616293
1119,GNG,ICL(R),258,8.221729695433023
1120,GNG,IPS(R),1388,13.589928086969858
1122,GNG,LAL(R),571,10.938585289757096
1123,GNG,LH(R),101,7.077968872817976
1124,GNG,LO(R),59,9.116268686924181
1125,GNG,LOP(R),36,6.81839260726405
1126,GNG,ME(R),27,6.32567747619566
1127,GNG,NO,3,-5.325616031068256
1128,GNG,PB,1,-4.564784618783526
1129,GNG,PED(R),9,-1.6774970286383362
1130,GNG,PLP(R),723,11.16286247441808
1131,GNG,PRW,45,6.482720033003938
1132,GNG,PVLP(R),210,8.487645245634264
1133,GNG,SAD,1289,12.634795092337887
1135,GNG,SCL(R),209,8.552921910261363
1137,GNG,SIP(R),95,6.60513654169091
1138,GNG,SLP(R),128,10.064843277482852
1140,GNG,SMP(R),109,6.187720256210956
1142,GNG,SPS(R),1073,12.661267094984469
1144,GNG,VES(R),581,10.294206253388017
1145,GNG,WED(R),1420,12.92287545077164
1146,GNG,a'L(R),1,-8.734709620225837
1147,GNG,aL(R),2,-4.027661460715489
1149,GNG,b'L(R),2,-2.251222212953907
1151,GNG,bL(R),1,-1.929167515895353
1153,GNG,gL(R),12,0.8064088249532471
1211,GOR(R),AB(R),1,-8.149747119504681
1213,GOR(R),AL(R),15,2.307066371066557
1214,GOR(R),AME(R),32,5.93788192109166
1215,GOR(R),AOTU(R),58,4.488363244226898
1217,GOR(R),ATL(R),101,3.705053966961405
1218,GOR(R),AVLP(R),620,10.583048770406782
1220,GOR(R),BU(R),5,-2.285588291021933
1221,GOR(R),CA(R),6,2.20886587846254
1222,GOR(R),CAN(R),99,4.613180703438049
1224,GOR(R),CRE(R),125,6.94377470219252
1225,GOR(R),EB,6,-0.7868345058259464
1227,GOR(R),EPA(R),564,9.228462188307105
1228,GOR(R),FB,35,2.3193506631197263
1229,GOR(R),FLA(R),8,-1.070945208821402
1230,GOR(R),GNG,96,5.303385938678727
1232,GOR(R),GOR(R),1229,11.267639408704746
1233,GOR(R),IB,690,10.845709487127486
1235,GOR(R),ICL(R),1073,11.667024840242515
1236,GOR(R),IPS(R),148,5.988718009098876
1238,GOR(R),LAL(R),225,7.379539985892953
1239,GOR(R),LH(R),37,3.342161636859898
1240,GOR(R),LO(R),41,7.282917293069414
1241,GOR(R),LOP(R),6,0.8052575681081509
1242,GOR(R),ME(R),21,3.3585325048897654
1243,GOR(R),NO,6,-1.335127311731581
1244,GOR(R),PB,7,-1.2610100646837554
1245,GOR(R),PED(R),7,-3.58147181708712
1246,GOR(R),PLP(R),749,9.524947725124763
1247,GOR(R),PVLP(R),652,10.391338897946387
1248,GOR(R),SAD,124,6.799769238670891
1250,GOR(R),SCL(R),587,9.176674357681575
1252,GOR(R),SIP(R),202,7.133096047838293
1253,GOR(R),SLP(R),301,7.325268748147103
1255,GOR(R),SMP(R),357,9.54051084607441
1257,GOR(R),SPS(R),754,10.190141863084976
1259,GOR(R),VES(R),496,10.206942530077466
1260,GOR(R),WED(R),317,8.237080532296652
1261,GOR(R),a'L(R),5,-3.3422718436485894
1262,GOR(R),aL(R),5,-2.123577796251164
1264,GOR(R),b'L(R),2,-3.492711476858676
1266,GOR(R),bL(R),1,-3.3022145873130846
1268,GOR(R),gL(R),21,-0.4694883584937046
1269,IB,AB(R),6,-2.384769833925181
1271,IB,AL(R),52,5.292145777671151
1272,IB,AME(R),45,5.692676189127372
1273,IB,AOTU(R),168,10.061165466609006
1275,IB,ATL(R),737,11.912964461104375
1276,IB,AVLP(R),497,10.59383496023875
1278,IB,BU(R),25,7.145614478612883
1280,IB,CA(R),21,4.877723331076997
1281,IB,CAN(R),218,7.7185233420758665
1283,IB,CRE(R),258,10.49813342043822
1284,IB,EB,13,7.551667003911204
1286,IB,EPA(R),357,8.74386859835622
1287,IB,FB,47,8.417131505171307
1288,IB,FLA(R),10,2.655860210038953
1289,IB,GNG,276,9.203174348153489
1291,IB,GOR(R),627,10.801772298854937
1292,IB,IB,4519,15.8456141529969
1294,IB,ICL(R),1563,12.753775599297349
1295,IB,IPS(R),546,10.991715614453371
1297,IB,LAL(R),420,11.946854851654226
1298,IB,LH(R),104,6.0483770148564595
1299,IB,LO(R),176,12.150045561357832
1300,IB,LOP(R),10,4.7706295037885145
1301,IB,ME(R),27,5.575419163694976
1302,IB,NO,12,1.7502198046091575
1303,IB,PB,45,10.80646463771416
1304,IB,PED(R),17,0.7944356925537959
1305,IB,PLP(R),1371,12.66062282929868
1306,IB,PVLP(R),424,9.362619158099134
1307,IB,SAD,197,8.436617352470686
1309,IB,SCL(R),1030,11.655464563215787
1311,IB,SIP(R),454,10.55906031665229
1312,IB,SLP(R),480,10.184275393585954
1314,IB,SMP(R),994,12.469425572384447
1316,IB,SPS(R),2232,14.205778914455548
1318,IB,VES(R),644,12.762835380261436
1319,IB,WED(R),454,10.646281639752166
1321,IB,a'L(R),8,-0.005974681297486481
1322,IB,aL(R),6,-0.5284520738895243
1324,IB,b'L(R),8,-1.9469458926237317
1326,IB,bL(R),1,-6.195625511773662
1328,IB,gL(R),36,3.2348661775077994
1390,ICL(R),AB(R),23,0.8283252237865305
1392,ICL(R),AL(R),77,6.378433809600999
1393,ICL(R),AME(R),70,5.733885282840823
1394,ICL(R),AOTU(R),223,8.493157934127954
1396,ICL(R),ATL(R),395,9.062388060034055
1397,ICL(R),AVLP(R),1820,13.85497714238961
1399,ICL(R),BU(R),25,2.59549543989278
1401,ICL(R),CA(R),114,6.333758657935009
1402,ICL(R),CAN(R),142,6.550482365844395
1404,ICL(R),CRE(R),319,10.521112410996599
1405,ICL(R),EB,15,4.449770252835341
1407,ICL(R),EPA(R),788,10.632557924011087
1408,ICL(R),FB,157,6.73828268499708
1409,ICL(R),FLA(R),18,3.3367066310455016
1410,ICL(R),GNG,212,8.388871802570224
1412,ICL(R),GOR(R),923,11.907906016891006
1413,ICL(R),IB,1470,13.179363291739042
1415,ICL(R),ICL(R),4740,15.265552535960556
1416,ICL(R),IPS(R),265,8.505741400141316
1418,ICL(R),LAL(R),469,10.077765842106917
1419,ICL(R),LH(R),251,7.6649173557962476
1420,ICL(R),LO(R),367,11.306325248099748
1421,ICL(R),LOP(R),12,4.339740528101651
1422,ICL(R),ME(R),29,4.034060260070317
1423,ICL(R),NO,8,1.103957021001425
1424,ICL(R),PB,18,2.3077113278608987
1425,ICL(R),PED(R),121,5.867041305819826
1426,ICL(R),PLP(R),2610,13.916058355519628
1427,ICL(R),PVLP(R),1430,12.520679459915513
1428,ICL(R),SAD,257,9.093040078866613
1430,ICL(R),SCL(R),2627,13.989909680984253
1432,ICL(R),SIP(R),663,10.537275593340258
1433,ICL(R),SLP(R),1554,12.744066938091677
1435,ICL(R),SMP(R),1287,13.138891306941511
1437,ICL(R),SPS(R),1798,13.25302816647209
1439,ICL(R),VES(R),727,11.467813094228939
1440,ICL(R),WED(R),650,10.456875135914778
1441,ICL(R),a'L(R),37,4.054466091934394
1442,ICL(R),aL(R),32,2.247953540185683
1444,ICL(R),b'L(R),20,1.3203725859876045
1446,ICL(R),bL(R),12,1.0538182310567983
1448,ICL(R),gL(R),144,8.69009751653793
1449,IPS(R),AB(R),1,-4.44930740136359
1450,IPS(R),AL(R),14,2.926231803147645
1451,IPS(R),AME(R),37,6.341664266809489
1452,IPS(R),AOTU(R),53,8.064319181770982
1454,IPS(R),ATL(R),81,5.553821414321819
1455,IPS(R),AVLP(R),65,7.317896903810542
1457,IPS(R),BU(R),15,3.4425680735030606
1458,IPS(R),CA(R),3,0.7730045067859607
1459,IPS(R),CAN(R),195,7.7137166132449915
1461,IPS(R),CRE(R),101,6.336541027857779
1462,IPS(R),EB,8,2.119784904418078
1464,IPS(R),EPA(R),379,9.563693122151534
1465,IPS(R),FB,11,4.369045330192335
1466,IPS(R),FLA(R),1,-8.846535103536894
1467,IPS(R),GNG,1325,13.512617066604658
1469,IPS(R),GOR(R),111,5.475039590396845
1470,IPS(R),IB,534,10.797859722567381
1472,IPS(R),ICL(R),277,8.254544089737577
1473,IPS(R),IPS(R),2795,15.070216791034905
1475,IPS(R),LAL(R),646,12.126279457459258
1476,IPS(R),LH(R),18,3.168980716699057
1477,IPS(R),LO(R),67,9.583919492047078
1478,IPS(R),LOP(R),56,8.424675207935259
1479,IPS(R),ME(R),41,8.124133363809419
1480,IPS(R),NO,3,-3.407698774802888
1481,IPS(R),PB,3,-0.15026283299536206
1482,IPS(R),PED(R),11,-0.7271038356023248
1483,IPS(R),PLP(R),766,11.387282975526853
1484,IPS(R),PVLP(R),159,8.963159524720957
1485,IPS(R),SAD,243,9.070295109935033
1487,IPS(R),SCL(R),147,7.096245301828105
1489,IPS(R),SIP(R),76,5.8996656861174115
1490,IPS(R),SLP(R),47,5.035280896431371
1492,IPS(R),SMP(R),126,6.516389854844697
1494,IPS(R),SPS(R),1807,14.319031882866184
1496,IPS(R),VES(R),581,10.813608387096346
1497,IPS(R),WED(R),1200,12.974640049375521
1498,IPS(R),a'L(R),3,-5.386467792273976
1499,IPS(R),aL(R),2,-1.3287609946248407
1501,IPS(R),b'L(R),2,-3.903577441984406
1503,IPS(R),bL(R),1,-5.624142682200447
1505,IPS(R),gL(R),9,-0.058128983994123994
1567,LAL(R),AB(R),17,3.3677500833655074
1569,LAL(R),AL(R),213,8.262751392157119
1570,LAL(R),AME(R),7,0.10823039567870771
1571,LAL(R),AOTU(R),156,9.251909751166528
1573,LAL(R),ATL(R),163,9.791408809334914
1574,LAL(R),AVLP(R),434,9.931085900918745
1576,LAL(R),BU(R),112,8.221582617002793
1577,LAL(R),CA(R),52,2.5345408268993257
1578,LAL(R),CAN(R),50,5.958404279876886
1580,LAL(R),CRE(R),1212,13.421460960075734
1581,LAL(R),EB,156,12.23548446887593
1583,LAL(R),EPA(R),757,11.753332512596222
1584,LAL(R),FB,277,12.398891997022574
1585,LAL(R),FLA(R),15,2.148588115471764
1586,LAL(R),GNG,483,10.915473371358328
1588,LAL(R),GOR(R),201,6.759451438988953
1589,LAL(R),IB,412,11.633096169071308
1591,LAL(R),ICL(R),527,9.889980731680371
1592,LAL(R),IPS(R),583,11.9954630607099
1594,LAL(R),LAL(R),2895,16.465722849721907
1595,LAL(R),LH(R),114,7.111940228506262
1596,LAL(R),LO(R),88,10.643397236558174
1597,LAL(R),LOP(R),18,3.3345870357168375
1598,LAL(R),ME(R),6,0.8448425134689527
1599,LAL(R),NO,45,11.2929054964784
1600,LAL(R),PB,94,7.666067438625018
1601,LAL(R),PED(R),63,2.3950748298247615
1602,LAL(R),PLP(R),908,12.405833550645887
1603,LAL(R),PVLP(R),519,11.019698059695799
1604,LAL(R),SAD,290,8.58709688471153
1606,LAL(R),SCL(R),426,9.475987032272998
1608,LAL(R),SIP(R),685,11.495317754956757
1609,LAL(R),SLP(R),276,8.80336699490923
1611,LAL(R),SMP(R),893,12.49989640836274
1613,LAL(R),SPS(R),1004,12.940367797274785
1615,LAL(R),VES(R),1091,13.798739092592072
1616,LAL(R),WED(R),1101,13.720167737069461
1618,LAL(R),a'L(R),36,4.738344179472058
1620,LAL(R),aL(R),39,1.161838878427405
1622,LAL(R),b'L(R),82,4.890834363979861
1624,LAL(R),bL(R),23,0.863486406701971
1626,LAL(R),gL(R),198,7.634783083263956
1627,LH(R),AB(R),1,-2.6578940231750074
1629,LH(R),AL(R),288,12.521427338655668
1630,LH(R),AME(R),11,-0.34775490072129994
1631,LH(R),AOTU(R),46,5.889652623990247
1633,LH(R),ATL(R),74,5.386782388110721
1634,LH(R),AVLP(R),1001,12.82882844991426
1636,LH(R),BU(R),7,-1.3051917244521787
1637,LH(R),CA(R),209,12.07228584212408
1638,LH(R),CAN(R),13,0.44940279299843106
1640,LH(R),CRE(R),211,9.896794856482957
1641,LH(R),EB,3,-0.7566029866116437
1643,LH(R),EPA(R),32,4.1683883026695545
1644,LH(R),FB,7,5.471804987264251
1645,LH(R),FLA(R),7,0.8685023619706268
1646,LH(R),GNG,55,5.303041061803047
1648,LH(R),GOR(R),53,3.617996848089783
1649,LH(R),IB,120,6.783137739334852
1651,LH(R),ICL(R),320,8.957804174900833
1652,LH(R),IPS(R),16,1.9982456349094937
1654,LH(R),LAL(R),97,7.888705657959078
1655,LH(R),LH(R),3250,16.45138051698733
1656,LH(R),LO(R),72,7.468486728417356
1657,LH(R),LOP(R),1,-7.846273911349907
1658,LH(R),ME(R),3,-2.2194638430718543
1659,LH(R),NO,2,1.7290930497560748
1660,LH(R),PB,6,0.1595095869268197
1661,LH(R),PED(R),21,1.5292970179376222
1662,LH(R),PLP(R),1115,12.463470598195634
1663,LH(R),PRW,1,-6.348728154231077
1664,LH(R),PVLP(R),402,11.439436700679382
1665,LH(R),SAD,142,7.426988943993774
1667,LH(R),SCL(R),1488,12.38528628682917
1669,LH(R),SIP(R),955,12.577154531715019
1670,LH(R),SLP(R),2468,15.908682190779317
1672,LH(R),SMP(R),723,12.119925157588023
1674,LH(R),SPS(R),169,7.783875252498736
1676,LH(R),VES(R),113,7.833279062195843
1677,LH(R),WED(R),182,8.390024591409407
1679,LH(R),a'L(R),45,6.162831636182873
1681,LH(R),aL(R),21,3.0944595848129173
1683,LH(R),b'L(R),24,2.3228989556863104
1685,LH(R),bL(R),8,-0.32269721491957004
1687,LH(R),gL(R),25,4.162380586029154
1689,LO(R),AL(R),6,5.263833786216016
1690,LO(R),AME(R),55,7.051077239368542
1691,LO(R),AOTU(R),938,13.813652317116034
1693,LO(R),ATL(R),59,7.194880622208981
1694,LO(R),AVLP(R),379,13.190693931266237
1695,LO(R),BU(R),3,2.334706368721497
1696,LO(R),CA(R),6,2.728353263375136
1697,LO(R),CAN(R),8,3.946053312331729
1699,LO(R),CRE(R),27,7.3747362218906725
1701,LO(R),EPA(R),54,9.962015621737965
1702,LO(R),FB,2,0.6052570011691358
1703,LO(R),FLA(R),1,-4.330242248670063
1704,LO(R),GNG,41,8.185093347046493
1706,LO(R),GOR(R),25,7.124613658893986
1707,LO(R),IB,164,11.957847799881344
1709,LO(R),ICL(R),349,12.534453434916275
1710,LO(R),IPS(R),58,8.67291662827628
1712,LO(R),LAL(R),77,11.483108709598564
1713,LO(R),LH(R),55,8.224035821665428
1714,LO(R),LO(R),31931,19.390906177070068
1715,LO(R),LOP(R),1106,13.234899795499741
1716,LO(R),ME(R),56,8.021591739481638
1717,LO(R),PED(R),7,2.5945443168908895
1718,LO(R),PLP(R),1454,15.276480454063158
1719,LO(R),PVLP(R),1557,16.11780504396462
1720,LO(R),SAD,29,9.527597147401258
1722,LO(R),SCL(R),291,12.212668337670351
1724,LO(R),SIP(R),57,8.85351858687202
1725,LO(R),SLP(R),194,11.819505131576138
1727,LO(R),SMP(R),104,9.161496808851144
1729,LO(R),SPS(R),345,12.77398751156673
1731,LO(R),VES(R),60,12.10391470902984
1732,LO(R),WED(R),105,10.182313439568244
1733,LO(R),b'L(R),1,-1.9886311859208026
1734,LO(R),bL(R),1,-2.8817159820042906
1735,LO(R),gL(R),3,3.99578524405739
1736,LOP(R),AOTU(R),6,2.781061113659882
1738,LOP(R),ATL(R),2,4.15090540803281
1739,LOP(R),AVLP(R),5,2.1225375732270453
1740,LOP(R),BU(R),1,-5.388734865584196
1741,LOP(R),CAN(R),1,-1.356485316923731
1743,LOP(R),EPA(R),6,1.919098931321501
1744,LOP(R),GNG,24,8.3029226836609
1746,LOP(R),GOR(R),2,0.9681405636957539
1747,LOP(R),IB,7,1.498443479859206
1749,LOP(R),ICL(R),9,3.2718229331050703
1750,LOP(R),IPS(R),32,9.321786936338215
1752,LOP(R),LAL(R),11,7.90301059402121
1753,LOP(R),LO(R),1432,12.850462384682917
1754,LOP(R),LOP(R),4274,15.61396003773196
1755,LOP(R),ME(R),1,-1.329920885640893
1756,LOP(R),PED(R),1,-6.388734865584196
1757,LOP(R),PLP(R),131,11.146128135666773
1758,LOP(R),PVLP(R),34,8.97968986637038
1759,LOP(R),SAD,2,-1.9835118772114309
1760,LOP(R),SCL(R),6,1.6491571913371497
1761,LOP(R),SIP(R),1,-3.5813799435265916
1762,LOP(R),SLP(R),1,-10.2659080092311
1764,LOP(R),SMP(R),1,-6.80377236486304
1766,LOP(R),SPS(R),33,6.944388983626772
1768,LOP(R),VES(R),2,-2.1501859957379104
1769,LOP(R),WED(R),26,8.252974512896746
1770,ME(R),AL(R),1,-1.4035916076881665
1771,ME(R),AME(R),86,6.299928628996728
1772,ME(R),AOTU(R),1,-7.846535103536895
1774,ME(R),ATL(R),4,-2.4429100040472034
1775,ME(R),AVLP(R),11,4.000231524023339
1776,ME(R),BU(R),1,-6.109569509370688
1777,ME(R),CA(R),1,-3.8579809951275723
1778,ME(R),CAN(R),1,-6.901168595460333
1780,ME(R),CRE(R),2,-5.261502248382611
1781,ME(R),EB,1,-4.344034763007712
1782,ME(R),EPA(R),3,-6.12405085621199
1783,ME(R),FB,1,-3.431497604258051
1784,ME(R),FLA(R),1,-7.846535103536895
1785,ME(R),GNG,28,6.371588556046402
1787,ME(R),GOR(R),10,3.4284303089440313
1788,ME(R),IB,20,5.488902627476943
1790,ME(R),ICL(R),28,4.468769298459997
1791,ME(R),IPS(R),46,8.25110383266715
1793,ME(R),LAL(R),4,-3.1395851751972828
1794,ME(R),LH(R),5,-2.7149135073731143
1795,ME(R),LO(R),71,6.958106880828452
1796,ME(R),LOP(R),4,2.3598549120171035
1797,ME(R),ME(R),3721,15.483445860202483
1798,ME(R),PB,1,-9.431497604258052
1799,ME(R),PED(R),1,-9.431497604258052
1800,ME(R),PLP(R),60,7.071652971177977
1801,ME(R),PVLP(R),29,5.204979273158783
1802,ME(R),SAD,3,-2.711141454951128
1804,ME(R),SCL(R),22,3.176580443870278
1805,ME(R),SIP(R),3,-4.5503736517393065
1806,ME(R),SLP(R),16,3.5696938776969103
1808,ME(R),SMP(R),13,1.8799378971654528
1810,ME(R),SPS(R),41,7.658083898116768
1812,ME(R),VES(R),2,-6.738574909457971
1813,ME(R),WED(R),18,4.08610245795243
1814,ME(R),a'L(R),1,-9.431497604258052
1815,ME(R),aL(R),1,-4.907935648201038
1817,ME(R),b'L(R),1,-6.624142682200447
1819,ME(R),bL(R),1,-4.624142682200447
1821,ME(R),gL(R),1,-4.302214587313085
1823,NO,AB(R),12,3.255014468266742
1825,NO,AL(R),2,-1.3231273274524902
1826,NO,AME(R),1,-8.431497604258052
1827,NO,AOTU(R),3,-2.9979311100207715
1829,NO,ATL(R),4,1.9861425742732732
1830,NO,AVLP(R),9,0.5933388105621021
1832,NO,BU(R),5,-0.2071073226059238
1833,NO,CA(R),1,0.2311325563341273
1835,NO,CRE(R),23,6.031999030331375
1836,NO,EB,56,11.916930414015937
1838,NO,EPA(R),11,0.5484229527578814
1839,NO,FB,502,14.050124307752085
1840,NO,FLA(R),1,-8.846535103536894
1841,NO,GNG,5,4.023620939199151
1843,NO,GOR(R),11,2.356405885009886
1844,NO,IB,6,0.716074349934021
1846,NO,ICL(R),14,1.8091150819949593
1847,NO,IPS(R),8,6.449955224719633
1849,NO,LAL(R),48,7.065914125196138
1850,NO,LH(R),3,2.825379078401271
1851,NO,ME(R),1,-8.109569509370688
1852,NO,NO,591,14.152209969019463
1853,NO,PB,166,9.188349712241946
1854,NO,PED(R),3,-0.45752486464902636
1855,NO,PLP(R),6,-2.4867664292404084
1856,NO,PVLP(R),8,1.3552503825807358
1857,NO,SAD,2,-4.794058565055104
1859,NO,SCL(R),9,2.6432189137350237
1861,NO,SIP(R),18,5.851769586373343
1862,NO,SLP(R),6,6.3832939549570975
1864,NO,SMP(R),18,6.308936073494605
1866,NO,SPS(R),14,3.873893209796024
1868,NO,VES(R),27,4.8364027022750005
1869,NO,WED(R),18,6.617611734447336
1870,NO,a'L(R),3,-0.5647857252727795
1871,NO,aL(R),2,-0.9205929761249296
1873,NO,b'L(R),4,2.1334047536845184
1875,NO,bL(R),2,-1.9376260960055183
1877,NO,gL(R),8,3.5293933103039192
1879,PB,AB(R),6,3.348174211118072
1881,PB,AL(R),4,3.409499467295827
1882,PB,AME(R),2,-1.2692747291926025
1883,PB,AOTU(R),4,-5.6569696861952465
1885,PB,ATL(R),40,3.8258806126806477
1886,PB,AVLP(R),6,2.708650327180246
1888,PB,BU(R),4,-0.23325701826089337
1889,PB,CA(R),4,0.8514522624580997
1890,PB,CAN(R),1,1.4918530963296748
1892,PB,CRE(R),63,7.996993670922911
1893,PB,EB,121,12.70868342061565
1895,PB,EPA(R),6,0.7225348149230355
1896,PB,FB,629,13.221435429510201
1897,PB,FLA(R),2,-2.1417086633904576
1898,PB,GNG,2,-0.7804958928222013
1900,PB,GOR(R),8,-0.6942622876736965
1901,PB,IB,55,4.691433225775353
1903,PB,ICL(R),20,3.5444682454344187
1904,PB,IPS(R),9,0.39411167883424997
1906,PB,LAL(R),115,11.40444879600937
1907,PB,LH(R),8,2.014198744145995
1908,PB,LO(R),2,-5.252703012310547
1909,PB,ME(R),2,-2.8268008266797677
1910,PB,NO,466,12.814408302708616
1911,PB,PB,449,14.942985660293028
1912,PB,PED(R),3,-6.934019493050814
1913,PB,PLP(R),17,1.3446608160003426
1914,PB,PVLP(R),5,3.78940903050666
1915,PB,SAD,1,-11.698125852302846
1917,PB,SCL(R),17,1.3461414179166822
1919,PB,SIP(R),17,1.0437365516266885
1920,PB,SLP(R),10,1.509031457873145
1922,PB,SMP(R),34,2.993592108741442
1924,PB,SPS(R),25,2.602302527389892
1926,PB,VES(R),11,1.8332788923177274
1927,PB,WED(R),16,5.121945233110255
1929,PB,a'L(R),4,-1.629775206160785
1930,PB,aL(R),3,0.22173749652306132
1932,PB,b'L(R),2,-6.45621315441782
1934,PB,bL(R),2,-5.4622531516823765
1936,PB,gL(R),3,-1.3467544481795188
1938,PED(R),AB(R),2,-8.360755801101242
1939,PED(R),AL(R),11,-0.20572219678000597
1940,PED(R),AME(R),5,-0.7083212615589933
1941,PED(R),AOTU(R),32,0.8509642808924537
1943,PED(R),ATL(R),6,0.1786397180793143
1944,PED(R),AVLP(R),92,4.501697519801616
1946,PED(R),BU(R),25,2.816934180870887
1947,PED(R),CA(R),1899,11.583309947457217
1948,PED(R),CAN(R),2,-9.380162117868164
1950,PED(R),CRE(R),433,8.674967498558638
1951,PED(R),EB,4,-1.5378259955257338
1953,PED(R),EPA(R),27,-0.5107333310711443
1954,PED(R),FB,6,4.0221798516439025
1955,PED(R),FLA(R),1,-6.306821202497154
1956,PED(R),GNG,10,-1.7674740839790841
1958,PED(R),GOR(R),23,-0.37615041608307
1959,PED(R),IB,34,2.1506570772033555
1961,PED(R),ICL(R),120,4.845548412055591
1962,PED(R),IPS(R),12,-0.8179571643454785
1964,PED(R),LAL(R),68,3.3586736226919034
1965,PED(R),LH(R),26,3.282481296862609
1966,PED(R),LO(R),14,3.3587306632241782
1967,PED(R),LOP(R),1,-8.166342444247748
1968,PED(R),ME(R),1,-5.121015400961366
1969,PED(R),NO,2,0.5736424472182015
1970,PED(R),PB,1,-5.528200850860533
1971,PED(R),PED(R),1991,12.51298343109477
1972,PED(R),PLP(R),198,6.516930355175076
1973,PED(R),PVLP(R),53,2.490210080974169
1974,PED(R),SAD,14,0.6493573248253209
1976,PED(R),SCL(R),273,6.153415186463606
1978,PED(R),SIP(R),298,7.101697856730072
1979,PED(R),SLP(R),179,8.424951729146454
1981,PED(R),SMP(R),77,7.036012173401672
1983,PED(R),SPS(R),42,2.992026903038723
1985,PED(R),VES(R),38,1.3873435466289166
1986,PED(R),WED(R),22,0.23676601429579167
1988,PED(R),a'L(R),507,10.641655482672569
1990,PED(R),aL(R),1148,13.267614141529833
1992,PED(R),b'L(R),509,11.172487492282405
1994,PED(R),bL(R),991,12.79805987456751
1996,PED(R),gL(R),973,13.394722388053694
1997,PLP(R),AB(R),2,-3.9358795747333177
1999,PLP(R),AL(R),174,10.1810922989426
2000,PLP(R),AME(R),135,10.406410262847693
2001,PLP(R),AOTU(R),263,10.879389983748357
2003,PLP(R),ATL(R),432,10.209116114662061
2004,PLP(R),AVLP(R),2283,14.047871830057842
2006,PLP(R),BU(R),17,3.949415082980197
2008,PLP(R),CA(R),222,8.829788361950008
2009,PLP(R),CAN(R),132,7.301286900590712
2011,PLP(R),CRE(R),465,11.244248177918694
2012,PLP(R),EB,4,0.9917068410814658
2014,PLP(R),EPA(R),820,11.009651146987506
2015,PLP(R),FB,37,8.098812578894712
2016,PLP(R),FLA(R),12,2.4979745000770617
2017,PLP(R),GNG,616,10.820264987304322
2019,PLP(R),GOR(R),651,10.107898537845774
2020,PLP(R),IB,1301,13.042829862649924
2022,PLP(R),ICL(R),2615,14.357608587952228
2023,PLP(R),IPS(R),743,11.264828067853
2025,PLP(R),LAL(R),892,13.067464306367842
2026,PLP(R),LH(R),1092,12.450519333630444
2027,PLP(R),LO(R),1350,13.91564943100956
2028,PLP(R),LOP(R),133,9.606244587302887
2029,PLP(R),ME(R),52,7.0921447851523345
2030,PLP(R),NO,4,-2.435700742919692
2031,PLP(R),PB,13,3.426631080131201
2032,PLP(R),PED(R),172,7.750613069786349
2033,PLP(R),PLP(R),8473,17.483283150195902
2034,PLP(R),PRW,1,-6.178803152788765
2035,PLP(R),PVLP(R),2567,14.419801385496044
2036,PLP(R),SAD,504,11.176971124031851
2038,PLP(R),SCL(R),3056,14.626262362113803
2040,PLP(R),SIP(R),885,12.014149092591214
2041,PLP(R),SLP(R),2344,14.67688762565083
2043,PLP(R),SMP(R),1492,13.617787497000181
2045,PLP(R),SPS(R),2427,14.495510781449532
2047,PLP(R),VES(R),779,12.151186613575947
2048,PLP(R),WED(R),1652,13.901097239537403
2050,PLP(R),a'L(R),39,5.626608135546718
2051,PLP(R),aL(R),24,3.327963111342883
2053,PLP(R),b'L(R),30,3.898498276369402
2054,PLP(R),bL(R),10,3.0042827751343038
2056,PLP(R),gL(R),181,11.091171965261193
2057,PRW,AL(R),2,0.8044734896201085
2058,PRW,AVLP(R),6,2.8820632889944675
2059,PRW,CA(R),1,-7.026800059343715
2060,PRW,GNG,72,6.582009249572971
2061,PRW,LH(R),5,0.8510643055044189
2062,PRW,PED(R),1,-8.348728154231077
2063,PRW,PLP(R),1,-2.662227627047859
2064,PRW,PRW,70,7.781647541625259
2065,PRW,SAD,6,0.0853000857914328
2066,PRW,SCL(R),6,1.3377043518936547
2067,PRW,SIP(R),5,0.7052271582688052
2068,PRW,SLP(R),7,3.373392430338653
2069,PRW,SMP(R),1,-4.714245517666122
2070,PRW,VES(R),4,-1.212355691394872
2071,PVLP(R),AB(R),1,-9.727920454563199
2073,PVLP(R),AL(R),65,5.5379970600725255
2074,PVLP(R),AME(R),71,5.65490828297366
2075,PVLP(R),AOTU(R),125,8.014246526307875
2077,PVLP(R),ATL(R),64,4.09239545536052
2078,PVLP(R),AVLP(R),3153,16.545480459282683
2080,PVLP(R),BU(R),12,0.6276283668722905
2082,PVLP(R),CA(R),26,2.695257752592759
2083,PVLP(R),CAN(R),53,4.7289171771201675
2085,PVLP(R),CRE(R),178,8.500395563365434
2086,PVLP(R),EB,8,2.3117220701050503
2088,PVLP(R),EPA(R),772,11.504434571772281
2089,PVLP(R),FB,24,3.277358736501256
2090,PVLP(R),FLA(R),3,-2.94939176060899
2091,PVLP(R),GNG,180,8.109274184558942
2093,PVLP(R),GOR(R),590,10.768312545290932
2094,PVLP(R),IB,405,9.705404553369856
2096,PVLP(R),ICL(R),1538,13.153220392787391
2097,PVLP(R),IPS(R),157,9.122085428447098
2099,PVLP(R),LAL(R),458,11.175866170412885
2100,PVLP(R),LH(R),395,9.766655918648542
2101,PVLP(R),LO(R),1186,13.728590072489505
2102,PVLP(R),LOP(R),28,5.934299148552926
2103,PVLP(R),ME(R),27,5.305921046434133
2104,PVLP(R),NO,5,0.7470180358497467
2105,PVLP(R),PB,4,2.691074078749935
2106,PVLP(R),PED(R),21,1.2163711969907374
2107,PVLP(R),PLP(R),2606,14.175961475428592
2108,PVLP(R),PVLP(R),6700,17.912253271050993
2109,PVLP(R),SAD,546,11.372842939558797
2111,PVLP(R),SCL(R),1398,11.73186215044335
2113,PVLP(R),SIP(R),409,10.041778169397418
2114,PVLP(R),SLP(R),1033,11.66989562705527
2116,PVLP(R),SMP(R),430,10.428223899543212
2118,PVLP(R),SPS(R),841,11.46762695204329
2120,PVLP(R),VES(R),488,10.998364456651249
2121,PVLP(R),WED(R),1336,12.971929930492408
2122,PVLP(R),a'L(R),12,-0.34060069346265986
2123,PVLP(R),aL(R),5,-0.29522295613897204
2125,PVLP(R),b'L(R),5,-0.08711463834177151
2127,PVLP(R),bL(R),2,-1.8721204759827073
2129,PVLP(R),gL(R),34,3.729267039435403
2131,SAD,AB(R),2,-3.6443818436727256
2133,SAD,AL(R),242,9.127473038070562
2134,SAD,AME(R),2,-7.22038787629694
2135,SAD,AOTU(R),21,4.511488406438518
2137,SAD,ATL(R),45,2.35733347110029
2138,SAD,AVLP(R),633,12.474344391874197
2139,SAD,BU(R),4,-7.287747297592173
2140,SAD,CA(R),17,1.4448179848349083
2141,SAD,CAN(R),45,5.6523640629933745
2143,SAD,CRE(R),47,6.267671358733415
2144,SAD,EB,2,-5.715610754572693
2146,SAD,EPA(R),200,8.140414018042339
2147,SAD,FB,9,0.8659376546856219
2148,SAD,FLA(R),3,-1.2147488022672697
2149,SAD,GNG,1232,12.811738469911463
2151,SAD,GOR(R),135,7.514880431919643
2152,SAD,IB,232,9.695095044633247
2154,SAD,ICL(R),325,10.070956986103617
2155,SAD,IPS(R),284,9.751649722519973
2157,SAD,LAL(R),339,8.938469152522178
2158,SAD,LH(R),185,8.480647745590863
2159,SAD,LO(R),41,8.817109255674122
2160,SAD,LOP(R),4,0.03027806706547645
2161,SAD,ME(R),4,3.772364229614399
2162,SAD,NO,1,-10.769011321097015
2163,SAD,PED(R),9,1.006048668490483
2164,SAD,PLP(R),607,11.72220146567296
2165,SAD,PRW,4,-0.4154723453588766
2166,SAD,PVLP(R),624,12.049784993594972
2167,SAD,SAD,5003,16.558621850483807
2169,SAD,SCL(R),335,9.698935849797158
2171,SAD,SIP(R),98,7.678692656137455
2172,SAD,SLP(R),216,9.95608115034882
2174,SAD,SMP(R),118,7.550677922956907
2176,SAD,SPS(R),475,10.894041131410162
2178,SAD,VES(R),754,12.454126045921656
2179,SAD,WED(R),1850,14.545370559121588
2180,SAD,a'L(R),1,-7.219168520462161
2181,SAD,aL(R),1,-10.379378367071261
2183,SAD,b'L(R),2,-2.1210638534634554
2185,SAD,bL(R),1,-1.688159416391558
2187,SAD,gL(R),13,4.224182387914901
2246,SCL(R),AB(R),6,-0.6101862745960801
2248,SCL(R),AL(R),189,9.393324813025734
2249,SCL(R),AME(R),62,6.136403331078421
2250,SCL(R),AOTU(R),370,8.86381491738491
2252,SCL(R),ATL(R),517,9.67565840627436
2253,SCL(R),AVLP(R),2319,13.659657310868674
2255,SCL(R),BU(R),30,3.8092907636911706
2257,SCL(R),CA(R),401,8.813861884195468
2258,SCL(R),CAN(R),89,5.542336164617826
2260,SCL(R),CRE(R),719,11.112998892034252
2261,SCL(R),EB,10,3.332905521374066
2263,SCL(R),EPA(R),444,9.02322325904826
2264,SCL(R),FB,74,8.7038334513456
2265,SCL(R),FLA(R),34,4.443409806865269
2266,SCL(R),GNG,148,7.097817653150194
2268,SCL(R),GOR(R),534,10.103797503324014
2269,SCL(R),IB,1003,12.08105502777724
2271,SCL(R),ICL(R),2589,14.1948986203671
2272,SCL(R),IPS(R),140,6.883409672926871
2274,SCL(R),LAL(R),422,9.699396759785735
2275,SCL(R),LH(R),1370,11.960107196726387
2276,SCL(R),LO(R),274,10.550668215227981
2277,SCL(R),LOP(R),6,2.015094384847923
2278,SCL(R),ME(R),19,2.476209457602855
2279,SCL(R),NO,7,2.254659651969005
2280,SCL(R),PB,7,1.8275762298193177
2281,SCL(R),PED(R),320,6.875847876977954
2282,SCL(R),PLP(R),2885,14.088432285110384
2283,SCL(R),PRW,1,-4.348728154231077
2284,SCL(R),PVLP(R),1274,11.105419407092903
2285,SCL(R),SAD,246,8.191124075129895
2287,SCL(R),SCL(R),5354,14.896546667673181
2289,SCL(R),SIP(R),2082,12.38281030700171
2290,SCL(R),SLP(R),3739,14.783390941566164
2292,SCL(R),SMP(R),2530,14.176504572862068
2294,SCL(R),SPS(R),1093,11.717839174104599
2296,SCL(R),VES(R),502,9.984166716081079
2297,SCL(R),WED(R),603,10.383012866846844
2299,SCL(R),a'L(R),164,6.343792187104553
2301,SCL(R),aL(R),99,5.51283469001447
2303,SCL(R),b'L(R),122,6.144974805176344
2305,SCL(R),bL(R),54,5.30366974302442
2307,SCL(R),gL(R),314,10.125449780481288
2369,SIP(R),AB(R),30,4.875536507513561
2371,SIP(R),AL(R),69,8.15308325357691
2372,SIP(R),AME(R),7,-0.9083770001936698
2373,SIP(R),AOTU(R),407,11.00367052283804
2375,SIP(R),ATL(R),364,9.636791105776277
2376,SIP(R),AVLP(R),742,10.50175935038046
2378,SIP(R),BU(R),73,5.963864627747101
2379,SIP(R),CA(R),338,8.714689870873645
2380,SIP(R),CAN(R),47,4.4218566455495445
2382,SIP(R),CRE(R),1237,12.934271373988391
2383,SIP(R),EB,48,7.754561765635282
2385,SIP(R),EPA(R),258,8.664507691475869
2386,SIP(R),FB,328,13.121756188075018
2387,SIP(R),FLA(R),60,5.736528885320911
2388,SIP(R),GNG,60,5.625807416065219
2390,SIP(R),GOR(R),179,6.739327328895814
2391,SIP(R),IB,448,11.077845752998398
2393,SIP(R),ICL(R),649,10.075901468823906
2394,SIP(R),IPS(R),79,7.676637298449612
2396,SIP(R),LAL(R),649,11.852800691668172
2397,SIP(R),LH(R),814,11.781435747035639
2398,SIP(R),LO(R),61,9.39879033827168
2399,SIP(R),LOP(R),1,-3.9964174428054355
2400,SIP(R),ME(R),3,-1.228847625369356
2401,SIP(R),NO,16,6.39919579276226
2402,SIP(R),PB,3,-0.6917116109791368
2403,SIP(R),PED(R),341,7.076917817115043
2404,SIP(R),PLP(R),759,10.88558779876228
2405,SIP(R),PVLP(R),330,8.91989164687528
2406,SIP(R),SAD,66,5.446812981887768
2408,SIP(R),SCL(R),1788,11.817317419190404
2410,SIP(R),SIP(R),4451,15.30305668656702
2411,SIP(R),SLP(R),2507,14.04128027100176
2413,SIP(R),SMP(R),3229,14.92221264482858
2415,SIP(R),SPS(R),406,10.194131038765136
2417,SIP(R),VES(R),353,9.946995316278178
2418,SIP(R),WED(R),182,8.250436103005013
2420,SIP(R),a'L(R),256,9.234765553754348
2422,SIP(R),aL(R),337,8.730157851043595
2424,SIP(R),b'L(R),317,8.636143487058744
2426,SIP(R),bL(R),278,8.697368813953686
2428,SIP(R),gL(R),252,7.84844824654504
2430,SLP(R),AB(R),30,8.581842541064807
2432,SLP(R),AL(R),209,9.751053148490444
2433,SLP(R),AME(R),54,6.9290093765069845
2434,SLP(R),AOTU(R),247,8.712886690963463
2436,SLP(R),ATL(R),277,9.015904237856487
2437,SLP(R),AVLP(R),2035,14.226672978296175
2439,SLP(R),BU(R),19,3.6835164316128473
2441,SLP(R),CA(R),382,9.832637245244033
2442,SLP(R),CAN(R),34,3.177368145878026
2444,SLP(R),CRE(R),630,10.657090241919567
2445,SLP(R),EB,12,1.2505447574396793
2447,SLP(R),EPA(R),181,7.3997228768112775
2448,SLP(R),FB,170,11.702308428811868
2449,SLP(R),FLA(R),55,7.202471411891938
2450,SLP(R),GNG,74,6.241803842292358
2452,SLP(R),GOR(R),289,9.472047510300438
2453,SLP(R),IB,486,10.511927360628833
2455,SLP(R),ICL(R),1544,13.635628029545225
2456,SLP(R),IPS(R),35,3.4601266517653837
2458,SLP(R),LAL(R),229,8.454392736036118
2459,SLP(R),LH(R),2097,14.48062520007736
2460,SLP(R),LO(R),186,9.712068216530996
2461,SLP(R),LOP(R),2,-3.2132824035442002
2462,SLP(R),ME(R),14,2.9566687845384125
2463,SLP(R),NO,4,5.456283848172059
2464,SLP(R),PB,7,1.4874961308207213
2465,SLP(R),PED(R),267,9.19295047621351
2466,SLP(R),PLP(R),2167,13.787690684122541
2467,SLP(R),PRW,1,-3.554312287880972
2468,SLP(R),PVLP(R),926,10.838135380650474
2469,SLP(R),SAD,154,7.795850699926073
2471,SLP(R),SCL(R),3513,14.750560918785661
2473,SLP(R),SIP(R),2603,14.47944144387229
2474,SLP(R),SLP(R),8037,17.738673489068773
2476,SLP(R),SMP(R),2679,15.390565903485879
2478,SLP(R),SPS(R),497,10.35711039198803
2480,SLP(R),VES(R),228,8.567727280318609
2481,SLP(R),WED(R),302,9.113427938192563
2483,SLP(R),a'L(R),173,7.877857316713217
2485,SLP(R),aL(R),153,10.040321102103047
2487,SLP(R),b'L(R),186,8.468687852055298
2489,SLP(R),bL(R),129,10.367494699546203
2491,SLP(R),gL(R),229,9.159919738183957
2555,SMP(R),AB(R),38,5.650208698719575
2557,SMP(R),AL(R),107,8.78794033793832
2558,SMP(R),AME(R),45,5.849870587811503
2559,SMP(R),AOTU(R),316,11.257038673937663
2561,SMP(R),ATL(R),762,11.651983457224581
2562,SMP(R),AVLP(R),649,11.09579283344312
2564,SMP(R),BU(R),37,6.768572081804551
2566,SMP(R),CA(R),75,8.756874772732568
2567,SMP(R),CAN(R),84,6.620660486097953
2569,SMP(R),CRE(R),1671,14.568519079807174
2570,SMP(R),EB,30,8.067382130230213
2572,SMP(R),EPA(R),239,8.755741632562746
2573,SMP(R),FB,609,14.026540966890156
2574,SMP(R),FLA(R),113,10.020588859602764
2575,SMP(R),GNG,86,7.13768464268296
2577,SMP(R),GOR(R),337,9.91515782305549
2578,SMP(R),IB,1020,13.404127855073884
2580,SMP(R),ICL(R),1285,12.575914923981228
2581,SMP(R),IPS(R),120,8.02782144315847
2583,SMP(R),LAL(R),789,13.078584888990086
2584,SMP(R),LH(R),570,11.465797502146723
2585,SMP(R),LO(R),97,11.02279903145016
2586,SMP(R),LOP(R),2,-1.3373737004138795
2587,SMP(R),ME(R),16,1.7233726786551287
2588,SMP(R),NO,17,7.592990448979924
2589,SMP(R),PB,17,4.431501314319725
2590,SMP(R),PED(R),46,7.80742488375476
2591,SMP(R),PLP(R),1338,12.553912166558625
2592,SMP(R),PVLP(R),355,9.249431086772002
2593,SMP(R),SAD,83,6.64575851445603
2595,SMP(R),SCL(R),2215,13.436254221341645
2597,SMP(R),SIP(R),3093,15.26552289505064
2598,SMP(R),SLP(R),2486,14.359544724677837
2600,SMP(R),SMP(R),7544,17.679020604374227
2602,SMP(R),SPS(R),816,11.97999189711976
2604,SMP(R),VES(R),430,11.78188408102994
2605,SMP(R),WED(R),272,10.384664147237125
2607,SMP(R),a'L(R),109,8.245534702854565
2609,SMP(R),aL(R),66,9.124284021283977
2611,SMP(R),b'L(R),223,10.699450266480948
2613,SMP(R),bL(R),62,7.113275196686848
2615,SMP(R),gL(R),300,11.092287203731585
2674,SPS(R),AB(R),2,-4.87847204974542
2676,SPS(R),AL(R),61,7.471990820030604
2677,SPS(R),AME(R),71,7.761872530757772
2678,SPS(R),AOTU(R),179,10.143452344479782
2680,SPS(R),ATL(R),421,9.367171866207705
2681,SPS(R),AVLP(R),650,10.830361698484898
2683,SPS(R),BU(R),25,7.668571404533232
2684,SPS(R),CA(R),18,5.912078534095753
2685,SPS(R),CAN(R),424,10.658276767744713
2687,SPS(R),CRE(R),293,9.779002809413107
2688,SPS(R),EB,17,7.164296331273574
2690,SPS(R),EPA(R),855,11.465785778969508
2691,SPS(R),FB,25,8.500929016331794
2692,SPS(R),FLA(R),6,0.4185925557072078
2693,SPS(R),GNG,942,12.584056208785787
2695,SPS(R),GOR(R),650,10.22094467049826
2696,SPS(R),IB,2100,14.088234473362903
2698,SPS(R),ICL(R),1791,13.084650096307884
2699,SPS(R),IPS(R),1679,14.285575277680387
2701,SPS(R),LAL(R),1006,13.020741844420836
2702,SPS(R),LH(R),134,7.341434623960527
2703,SPS(R),LO(R),346,12.403507470486545
2704,SPS(R),LOP(R),55,7.663455445183838
2705,SPS(R),ME(R),39,7.728274470485445
2706,SPS(R),NO,10,3.7349885029483407
2707,SPS(R),PB,21,9.122871029823264
2708,SPS(R),PED(R),20,1.910315122234295
2709,SPS(R),PLP(R),2416,14.21503912624703
2710,SPS(R),PVLP(R),824,11.265707541371118
2711,SPS(R),SAD,392,9.620051161217708
2713,SPS(R),SCL(R),1055,11.595196440427182
2715,SPS(R),SIP(R),374,9.631711690776974
2716,SPS(R),SLP(R),494,9.909239579723861
2718,SPS(R),SMP(R),742,11.461666663951023
2720,SPS(R),SPS(R),5280,16.135552696823805
2722,SPS(R),VES(R),1168,13.095277622904575
2723,SPS(R),WED(R),1450,12.911483059664263
2724,SPS(R),a'L(R),10,-0.3238633471331173
2725,SPS(R),aL(R),5,-0.24398165199976482
2727,SPS(R),b'L(R),3,-2.6460957531827454
2729,SPS(R),bL(R),1,-4.03918018147929
2731,SPS(R),gL(R),36,3.1950617667244177
2791,VES(R),AB(R),2,-4.802843847583041
2793,VES(R),AL(R),275,10.025782261933957
2794,VES(R),AME(R),10,1.8741900720211242
2795,VES(R),AOTU(R),125,8.29488923400972
2797,VES(R),ATL(R),123,6.770125367968911
2798,VES(R),AVLP(R),506,11.003947567490663
2800,VES(R),BU(R),13,0.032906166989411276
2801,VES(R),CA(R),22,3.1429905141931282
2802,VES(R),CAN(R),277,8.964048591523795
2804,VES(R),CRE(R),372,10.170600903136135
2805,VES(R),EB,8,1.1296007145032414
2807,VES(R),EPA(R),814,10.926443723405598
2808,VES(R),FB,66,6.0644113389666945
2809,VES(R),FLA(R),83,7.506839737390261
2810,VES(R),GNG,559,10.448875841435434
2812,VES(R),GOR(R),452,10.17784199374202
2813,VES(R),IB,640,12.187914442210857
2815,VES(R),ICL(R),793,11.74506998799073
2816,VES(R),IPS(R),598,11.431916368556234
2818,VES(R),LAL(R),1105,13.466449028023892
2819,VES(R),LH(R),127,8.374524658652383
2820,VES(R),LO(R),75,10.608999042306559
2821,VES(R),LOP(R),4,1.7624185845867646
2822,VES(R),ME(R),11,2.1236832818926485
2823,VES(R),NO,41,4.871825511271607
2824,VES(R),PB,11,0.16518673494749136
2825,VES(R),PED(R),19,1.6668766948663991
2826,VES(R),PLP(R),855,12.300538732690267
2827,VES(R),PRW,2,-3.830955180023562
2828,VES(R),PVLP(R),538,10.545791886373692
2829,VES(R),SAD,728,12.269342313036322
2831,VES(R),SCL(R),550,10.589105899715175
2833,VES(R),SIP(R),363,10.019059199277212
2834,VES(R),SLP(R),262,9.764371734780006
2836,VES(R),SMP(R),461,11.50145822880647
2838,VES(R),SPS(R),1259,13.32002841228426
2840,VES(R),VES(R),3730,15.708453097072162
2841,VES(R),WED(R),1050,12.680309409247368
2842,VES(R),a'L(R),11,0.907029271194928
2843,VES(R),aL(R),6,-4.207669844241552
2845,VES(R),b'L(R),17,1.2830467903820955
2847,VES(R),bL(R),5,1.0593295954518998
2849,VES(R),gL(R),59,5.1242819905419115
2851,WED(R),AB(R),4,-3.7781092452981566
2853,WED(R),AL(R),87,8.367141280026305
2854,WED(R),AME(R),15,2.422275986160932
2855,WED(R),AOTU(R),64,8.823688766106995
2857,WED(R),ATL(R),136,8.185887306900662
2858,WED(R),AVLP(R),1360,14.587853139663018
2860,WED(R),BU(R),21,3.0748280545103754
2861,WED(R),CA(R),10,0.21006466751064146
2862,WED(R),CAN(R),117,6.6412852830823725
2864,WED(R),CRE(R),225,9.066256187228118
2865,WED(R),EB,13,6.245782823926369
2867,WED(R),EPA(R),653,10.433692234897787
2868,WED(R),FB,27,7.76444170899384
2869,WED(R),FLA(R),1,-7.261572602815739
2870,WED(R),GNG,1288,12.900045460283083
2872,WED(R),GOR(R),292,8.55996835285272
2873,WED(R),IB,465,10.535388744539455
2875,WED(R),ICL(R),703,11.21091758424244
2876,WED(R),IPS(R),1176,12.933447327667006
2878,WED(R),LAL(R),1088,13.96416836662064
2879,WED(R),LH(R),160,9.199706760100518
2880,WED(R),LO(R),114,10.022505387334721
2881,WED(R),LOP(R),53,7.851626239648666
2882,WED(R),ME(R),15,4.56906037453844
2883,WED(R),NO,16,6.979764284759003
2884,WED(R),PB,6,-5.029466781870051
2885,WED(R),PED(R),15,-0.21932076079458748
2886,WED(R),PLP(R),1653,14.19976443844769
2887,WED(R),PVLP(R),1378,13.388420574710608
2888,WED(R),SAD,1678,13.768859718251687
2890,WED(R),SCL(R),617,11.059066472973466
2892,WED(R),SIP(R),196,9.366061244727161
2893,WED(R),SLP(R),330,9.633319058363629
2895,WED(R),SMP(R),290,10.341455534984533
2897,WED(R),SPS(R),1508,13.166991776268045
2899,WED(R),VES(R),1033,12.726096689544576
2900,WED(R),WED(R),5226,16.525791853946668
2901,WED(R),a'L(R),6,-3.15418219296597
2902,WED(R),aL(R),2,-3.656416759258992
2904,WED(R),b'L(R),7,-1.5165656575003599
2906,WED(R),bL(R),1,-4.03918018147929
2908,WED(R),gL(R),28,2.849273138187352
2937,a'L(R),AB(R),1,-7.149747119504682
2939,a'L(R),AL(R),11,1.0819128250787182
2940,a'L(R),AME(R),1,-5.564784618783526
2941,a'L(R),AOTU(R),13,0.012901805030116644
2943,a'L(R),ATL(R),12,0.2568377624014077
2944,a'L(R),AVLP(R),37,2.167586374646219
2946,a'L(R),BU(R),7,-0.3105171817239701
2947,a'L(R),CA(R),512,9.844983074608834
2948,a'L(R),CAN(R),2,-5.020232104714908
2950,a'L(R),CRE(R),319,9.746311906037189
2951,a'L(R),EB,3,-5.780953307332671
2953,a'L(R),EPA(R),10,-0.8076998364700712
2954,a'L(R),FB,8,2.946361345448659
2955,a'L(R),GNG,4,-5.319512611775445
2957,a'L(R),GOR(R),4,-4.794589651916217
2958,a'L(R),IB,12,-0.7552866275250011
2960,a'L(R),ICL(R),28,2.1779911199145934
2961,a'L(R),IPS(R),3,-3.8134199384433973
2963,a'L(R),LAL(R),71,7.794930257468824
2964,a'L(R),LH(R),86,8.725646531009785
2965,a'L(R),ME(R),1,-7.149747119504682
2966,a'L(R),NO,4,-0.6282771559861854
2967,a'L(R),PB,2,-4.427649552458883
2968,a'L(R),PED(R),522,10.447055727188289
2969,a'L(R),PLP(R),59,8.432341847781053
2970,a'L(R),PVLP(R),14,-1.1433209652243046
2971,a'L(R),SAD,5,-3.2487972196969066
2973,a'L(R),SCL(R),179,7.929122118675018
2975,a'L(R),SIP(R),383,10.720542582095096
2976,a'L(R),SLP(R),228,7.954180579071449
2978,a'L(R),SMP(R),232,10.253288644852011
2980,a'L(R),SPS(R),15,0.3662674118162102
2982,a'L(R),VES(R),20,2.3853872552370334
2983,a'L(R),WED(R),6,-3.297404126807409
2985,a'L(R),a'L(R),596,13.176872296074848
2987,a'L(R),aL(R),327,10.014938359280482
2989,a'L(R),b'L(R),454,13.553111165388167
2991,a'L(R),bL(R),158,8.608174773663105
2993,a'L(R),gL(R),368,11.314180764984348
3019,aL(R),AB(R),1,-1.5798915111737342
3021,aL(R),AL(R),9,5.356410951122249
3022,aL(R),AME(R),2,0.314901394126682
3023,aL(R),AOTU(R),16,-1.304786028497189
3025,aL(R),ATL(R),8,-1.043708641391574
3026,aL(R),AVLP(R),15,1.6383982074658872
3028,aL(R),BU(R),16,1.6183331765545683
3029,aL(R),CA(R),1143,12.437196368197066
3031,aL(R),CRE(R),242,6.774714704891042
3032,aL(R),EB,5,2.0448102797296763
3034,aL(R),EPA(R),7,-2.7886274388602326
3035,aL(R),FB,6,3.7884360764110423
3036,aL(R),FLA(R),2,-2.4606256528663755
3037,aL(R),GNG,9,-0.15706731993513925
3039,aL(R),GOR(R),4,-2.92400032974112
3040,aL(R),IB,11,-1.138338649937536
3042,aL(R),ICL(R),29,1.5281930589946744
3043,aL(R),IPS(R),10,1.42308817901982
3045,aL(R),LAL(R),54,2.357599067345331
3046,aL(R),LH(R),34,7.386284593814618
3047,aL(R),ME(R),2,-0.655139874642281
3048,aL(R),NO,3,-1.0092450014516818
3049,aL(R),PB,3,1.0514145395180832
3050,aL(R),PED(R),1186,13.473119073890144
3051,aL(R),PLP(R),38,3.576163320948273
3052,aL(R),PVLP(R),6,0.1372347896718465
3053,aL(R),SAD,6,-5.167773391338244
3055,aL(R),SCL(R),97,4.974105039223514
3057,aL(R),SIP(R),328,10.51517702660063
3058,aL(R),SLP(R),154,10.870099891598683
3060,aL(R),SMP(R),126,9.480970490181102
3062,aL(R),SPS(R),18,-0.4316282380801941
3064,aL(R),VES(R),21,-0.04090966476550227
3065,aL(R),WED(R),12,-0.6660121890146765
3067,aL(R),a'L(R),345,10.184040443189973
3069,aL(R),aL(R),1189,15.040164049209398
3071,aL(R),b'L(R),333,10.155033817153585
3073,aL(R),bL(R),973,14.378946206356323
3075,aL(R),gL(R),263,10.558166647309344
3133,b'L(R),AL(R),11,3.6811145922214346
3134,b'L(R),AME(R),1,-4.344034763007712
3135,b'L(R),AOTU(R),4,-4.353794814350825
3137,b'L(R),ATL(R),13,1.0558638324956802
3138,b'L(R),AVLP(R),23,1.9380722230236296
3140,b'L(R),BU(R),11,-2.0315745885862833
3141,b'L(R),CA(R),502,10.44280534127469
3143,b'L(R),CRE(R),513,11.035735583126616
3144,b'L(R),EB,11,0.779931012427636
3145,b'L(R),EPA(R),5,-3.6785921691489656
3146,b'L(R),FB,39,5.716237283288688
3147,b'L(R),FLA(R),2,-4.719187787890202
3148,b'L(R),GNG,2,-3.9220094363279747
3150,b'L(R),GOR(R),3,-3.4842528612620294
3151,b'L(R),IB,11,0.9252842584338017
3153,b'L(R),ICL(R),13,1.3500093715228791
3154,b'L(R),IPS(R),2,-2.9884776924533267
3156,b'L(R),LAL(R),123,7.872472996542683
3157,b'L(R),LH(R),40,3.983826474708552
3158,b'L(R),ME(R),1,-4.022106668120349
3159,b'L(R),NO,5,1.1149708747970293
3160,b'L(R),PB,2,-5.746217281670252
3161,b'L(R),PED(R),531,11.218336450490671
3162,b'L(R),PLP(R),35,3.6925211350015297
3163,b'L(R),PVLP(R),10,0.132919918968066
3164,b'L(R),SAD,3,-2.0974197848960126
3166,b'L(R),SCL(R),98,4.696757957104604
3168,b'L(R),SIP(R),356,8.460610203594808
3169,b'L(R),SLP(R),185,6.426134879822727
3171,b'L(R),SMP(R),360,9.877323506564471
3173,b'L(R),SPS(R),7,-3.0138610822159433
3175,b'L(R),VES(R),24,3.0910400777051943
3176,b'L(R),WED(R),7,-1.7386747516997807
3178,b'L(R),a'L(R),450,13.87696861001326
3180,b'L(R),aL(R),315,10.099725425836429
3182,b'L(R),b'L(R),827,14.806557293958571
3184,b'L(R),bL(R),251,9.350617883794353
3186,b'L(R),gL(R),494,11.353034551838764
3242,bL(R),AL(R),6,5.9075653613753305
3243,bL(R),AME(R),1,-2.846535103536895
3244,bL(R),AOTU(R),2,-3.2368020031785147
3246,bL(R),ATL(R),5,-2.138891463220544
3247,bL(R),AVLP(R),8,0.5170444246585016
3249,bL(R),BU(R),9,-0.8816543830088142
3250,bL(R),CA(R),985,11.971096538561968
3251,bL(R),CAN(R),1,-6.829722735086059
3253,bL(R),CRE(R),153,6.967401683614634
3254,bL(R),EB,11,2.422925322780184
3255,bL(R),EPA(R),1,-3.846535103536895
3256,bL(R),FB,8,2.774020939730127
3257,bL(R),FLA(R),1,-3.2615726028157384
3259,bL(R),GOR(R),1,-3.846535103536895
3260,bL(R),IB,6,-2.2680650817775034
3261,bL(R),ICL(R),9,0.9118571729736097
3262,bL(R),IPS(R),1,-3.846535103536895
3264,bL(R),LAL(R),37,2.2976643863110517
3265,bL(R),LH(R),7,2.4589539940605447
3266,bL(R),ME(R),1,-2.5246070086495322
3267,bL(R),NO,1,-3.068769232223236
3268,bL(R),PB,2,-4.773463824018505
3269,bL(R),PED(R),1022,13.031396674655843
3270,bL(R),PLP(R),13,3.332375948536071
3271,bL(R),PVLP(R),5,-0.80363463756528
3272,bL(R),SAD,1,-10.698125852302846
3274,bL(R),SCL(R),27,3.699798901841797
3276,bL(R),SIP(R),213,9.984065105236716
3277,bL(R),SLP(R),109,9.693617339831125
3279,bL(R),SMP(R),70,6.7046161856115125
3280,bL(R),SPS(R),3,-3.349424955646306
3282,bL(R),VES(R),11,-1.6051461331306383
3283,bL(R),WED(R),3,-1.8374817135523311
3285,bL(R),a'L(R),170,9.053750520853521
3287,bL(R),aL(R),986,14.422078788796716
3289,bL(R),b'L(R),268,9.727993820701208
3291,bL(R),bL(R),1066,14.294408081306536
3293,bL(R),gL(R),159,10.165270077521086
3354,gL(R),AB(R),1,-6.514714054138487
3356,gL(R),AL(R),19,4.1411028090852335
3357,gL(R),AME(R),1,-2.1647110635631495
3358,gL(R),AOTU(R),35,1.7099970492778136
3360,gL(R),ATL(R),20,2.9979654086812806
3361,gL(R),AVLP(R),85,8.50062843246505
3363,gL(R),BU(R),21,2.1283785993825624
3364,gL(R),CA(R),928,12.93879715581783
3365,gL(R),CAN(R),5,2.916853999770495
3367,gL(R),CRE(R),861,12.39147146795092
3368,gL(R),EB,8,1.454608058554189
3370,gL(R),EPA(R),43,2.8216222341371435
3371,gL(R),FB,37,7.998365099050003
3372,gL(R),FLA(R),9,0.1513403068450912
3373,gL(R),GNG,8,1.7219413753754529
3375,gL(R),GOR(R),25,0.9056925026842566
3376,gL(R),IB,45,4.939135241467552
3378,gL(R),ICL(R),103,7.769829825949486
3379,gL(R),IPS(R),8,-0.8782385395190376
3381,gL(R),LAL(R),288,8.831014848186337
3382,gL(R),LH(R),44,5.341018008419434
3383,gL(R),LO(R),3,0.8857678606854213
3384,gL(R),ME(R),1,-1.8427829686757873
3385,gL(R),NO,8,3.92570166464813
3386,gL(R),PB,3,-1.4533075932463437
3387,gL(R),PED(R),979,13.384243629947195
3388,gL(R),PLP(R),176,9.281030490339083
3389,gL(R),PVLP(R),47,6.207917930460678
3390,gL(R),SAD,11,1.3241760838118701
3392,gL(R),SCL(R),285,9.230974947377021
3394,gL(R),SIP(R),341,9.055802842766907
3395,gL(R),SLP(R),174,8.773454480477147
3397,gL(R),SMP(R),480,11.854203376265415
3399,gL(R),SPS(R),42,6.51967359938748
3401,gL(R),VES(R),106,6.242583151090088
3402,gL(R),WED(R),28,1.5975829665619325
3404,gL(R),a'L(R),351,11.221351715583912
3406,gL(R),aL(R),240,10.560783344803927
3408,gL(R),b'L(R),446,11.310428187320161
3410,gL(R),bL(R),138,9.923431353986947
3412,gL(R),gL(R),1307,16.559865252256017
